{
  "donated": {
    "powerup": 242.7300000000005,
    "eosioibc": 530.2799999999995,
    "daclify": 212.4000000000001,
    "boiduniverse": 483.7706999999988
  },
  "matched": {
    "powerup": 3711.4217,
    "eosioibc": 3169.6173,
    "daclify": 535.4901,
    "boiduniverse": 4554.9107
  }
}
